-- migrate:up
CREATE TABLE `games_maps` (
  `type` enum('battleball','snowstorm') CHARACTER SET utf8mb4 NOT NULL DEFAULT 'battleball',
  `id` enum('6','5','4','3','2','1') CHARACTER SET utf8mb4 NOT NULL DEFAULT '1',
  `heightmap` mediumtext CHARACTER SET utf8mb4 NOT NULL,
  `tile_map` mediumtext CHARACTER SET utf8mb4 NOT NULL
) ENGINE=InnoDB DEFAULT CHARSET=utf8mb4 COLLATE=utf8mb4_unicode_ci;

INSERT INTO `games_maps` (`type`, `id`, `heightmap`, `tile_map`) VALUES
('battleball', '5', 'xxxx000000000000000xxxx|xxxx000000000000000xxxx|xxxx000000000000000xxxx|xxxx000000000000000xxxx|00000000000000000000000|00000000000000000000000|00000000000000000000000|00000000000000000000000|00000000000000000000000|00000000000000000000000|00000000000000000000000|00000000000000000000000|00000000000000000000000|00000000000000000000000|00000000000000000000000|00000000000000000000000|00000000000000000000000|00000000000000000000000|00000000000000000000000|xxxx000000000000000xxxx|xxxx000000000000000xxxx|xxxx000000000000000xxxx|xxxx000000000000000xxxx|', '00001111111111111110000|00001111111111111110000|00001111111111111110000|00001111111111111110000|11111111111111111111111|11111111111111111111111|11111111111111111111111|11111111111111111111111|11111111111111111111111|11111111111111111111111|11111111111111111111111|11111111111111111111111|11111111111111111111111|11111111111111111111111|11111111111111111111111|11111111111111111111111|11111111111111111111111|11111111111111111111111|11111111111111111111111|00001111111111111110000|00001111111111111110000|00001111111111111110000|00001111111111111110000|'),
('battleball', '3', '0000000x000x0000xxxxxxxxxxxxxxxxx|0xx00x0x0x0000000111000xxxxxxxxxx|0xx00x0x0x00000001110000xxxxxxxxx|0000xx000xxx0000xxxxxx000xxxxxxxx|000xxxxxxxxxxxxxxxxxxxx000xxxxxxx|0xxxxxxxxxxxxxxxxxxxxxxx000xxxxxx|0000xxxxxxxxxxxxxxxxxxxxx000xxxxx|xxx0xxx111111111111111xxx0x0xxxxx|0000xxx111111111111111xxx0x0x0xxx|0xxxxxx111111111111111xxx0x0x0xxx|000xxxx1111111111111111000x00000x|x00xxxx1111111111111111000x0x0xxx|0000xxx111112222211111xxxxxxx0000|0000xxx111112222211111xxx000xxxx0|0000xxx111112222211111xxx000000x0|0000xxx111112222211111xxx000xx0x0|x00xxxx111112222211111xxxxxxx0000|x11xxxx11111111111111110000000xxx|x11xxxx11111111111111110000000xxx|x11xxxx111111111111111xxx0xxxxxxx|x00xxxx111111111111111xxx000xxxxx|x00xxxx111111111111111xxxxxxxxxxx|x000xxxxxx11xxxxx11xxxxxxxxxxxxxx|xx000xxxxx00xxxxx00xxxxxxxxxxxxxx|xxx000xxxx00xxxxx00xxxxxxxxxxxxxx|xxxx00000000x000x0000xxxxxxxxxxxx|xxxxx00xxxxxx000x00x0xxxxxxxxxxxx|xxxxxx000000x000x00x0xxxxxxxxxxxx|xxxxxxxxxx0xxx0xx00xxxxxxxxxxxxxx|xxxxxxxx00000x0x000xxxxxxxxxxxxxx|xxxxxxxxxx0x0x000xxxxxxxxxxxxxxxx|xxxxxxxxxx0x0xxx0xxxxxxxxxxxxxxxx|xxxxxxxxxxxx00000xxxxxxxxxxxxxxxx|', '111100000000111100000000000000000|100100000000111100000000000000000|100100000000111100000000000000000|111100000000111100000000000000000|000000000000000000000000000000000|000000000000000000000000000000000|000000000000000000000000000000000|000000011111110111111100000000000|000000011111110111111100000000000|000000011111110111111100000000000|000000011111110111111100000000000|000000011110000000111100000000000|111100011110000000111100000000000|111100011110011100111100011100000|111100000000011100000000011100000|111100011110011100111100011100000|000000011110000000111100000000000|000000011110000000111100000000000|000000011111110111111100000000000|000000011111110111111100000000000|000000011111110111111100000000000|000000011111110111111100000000000|000000000000000000000000000000000|000000000000000000000000000000000|000000000000000000000000000000000|000000000000011100000000000000000|000000000000011100000000000000000|000000000000011100000000000000000|000000000000000000000000000000000|000000000000000000000000000000000|000000000000000000000000000000000|000000000000000000000000000000000|000000000000000000000000000000000|'),
('battleball', '1', 'xxxxxxxxxxxxx444444xxxxxxxxx|xxxxxxxxxxxxx444444xxxxxxxxx|xxxxxxxxxxxxx444444xxxxxxxxx|xxx22222222xx444444xxxxxxxxx|xxx22222222xx444444xxxxxxxxx|xxx22222222xx333333xxxxxxxxx|xxx22222222xx222222xxxxxxxxx|xxx222222222222222222xxxxxxx|xxx222222222222222222xxxxxxx|xxx2222222222222222222100000|xxx2222222222222222222100000|xxxxxxx222222222222222100000|xxxxxxx222222222222222100000|4444432222222222222222100000|4444432222222222222222100000|444443222222222222222xxxxxxx|444443222222222222222xxxxxxx|4444432222222222222222222xxx|4444432222222222222222222xxx|xxxxxxx222222222222222222xxx|xxxxxxx222222222222222222xxx|xxxxxxxxx222222xx22222222xxx|xxxxxxxxx111111xx22222222xxx|xxxxxxxxx000000xx22222222xxx|xxxxxxxxx000000xx22222222xxx|xxxxxxxxx000000xxxxxxxxxxxxx|xxxxxxxxx000000xxxxxxxxxxxxx|xxxxxxxxx000000xxxxxxxxxxxxx|', '0000000000000111111000000000|0000000000000111111000000000|0000000000000111111000000000|0001111111100111111000000000|0001111111100000000000000000|0001111111100000000000000000|0001111111100000000000000000|0001111111111111111110000000|0001111111111111111110000000|0001111111111111111110001111|0001111111111111111110001111|0000000111111111111110001111|0000000111111111111110001111|1111000111111111111110001111|1111000111111111111110001111|1111000111111111111110000000|1111000111111111111110000000|1111000111111111111111110000|1111000111111111111111110000|0000000111111111111111111000|0000000111111111111111111000|0000000000000000011111111000|0000000000000000011111111000|0000000000000000011111111000|0000000001111110011111111000|0000000001111110000000000000|0000000001111110000000000000|0000000001111110000000000000|'),
('battleball', '2', 'xxxxxxx00000000xxx00000000xxxxxxx|\nxxxxxxx00000000xxx00000000xxxxxxx|\nxxxxxxx00000000xxx00000000xxxxxxx|\nxxxxxxx0000000000000000000xxxxxxx|\nxxxxxxx0000000000000000000xxxxxxx|\nxxxxxxx0000000000000000000xxxxxxx|\nxxxxxxx00000000xxx00000000xxxxxxx|\n2222xxx00000000xxx00000000xxx2222|\n2222xxx00000000xxx00000000xxx2222|\n222221000000000xxx000000000122222|\n222221000000000xxx000000000122222|\n2222xxx00000000xxx00000000xxx2222|\n2222xxx00000000xxx00000000xxx2222|\nxxxxxxx00000000xxx00000000xxxxxxx|\nxxxxxxx0000000000000000000xxxxxxx|\nxxxxxxx0000000000000000000xxxxxxx|\nxxxxxxx0000000000000000000xxxxxxx|\nxxxxxxx00000000xxx00000000xxxxxxx|\nxxxxxxx00000000xxx00000000xxxxxxx|\nxxxxxxx00000000xxx00000000xxxxxxx|\n', '000000011111111000111111110000000|000000011111111000111111110000000|000000011111111000111111110000000|000000011111111000111111110000000|000000011111111000111111110000000|000000011111111000111111110000000|000000011111111000111111110000000|111100011111111000111111110001111|111100011111111000111111110001111|111100011111111000111111110001111|111100011111111000111111110001111|111100011111111000111111110001111|111100011111111000111111110001111|000000011111111000111111110000000|000000011111111000111111110000000|000000011111111000111111110000000|000000011111111000111111110000000|000000011111111000111111110000000|000000011111111000111111110000000|000000011111111000111111110000000|'),
('battleball', '4', 'xxxxxxx222222222222222xxxxxxxx|xxxxxxx222222222222222xxxxxxxx|xxxxxxx222222222222222xxxxxxxx|xxxxxxx222222222222222xxxxxxxx|xxxxxxx222222222222222xxxxxxxx|00012222222222222222222211111x|00012222222222222222222211111x|00012222222222222222222211111x|00012222222222222222222211111x|00xxxxx222222222222222xxx1111x|000xxxx222222222222222xxx0000x|0000xxx222222222222222x0000000|0000xxx22222222222222210000000|0000xxx22222222222222210000000|0000xxx222222222222222x0000000|0000xxx222222222222222xxxxxxxx|00000xx222222222222222xxxxxxxx|000000xxxx11xx11xx11xxxxxxxxxx|x0000000000000000000000xxxxxxx|xx000000000000000000000xxxxxxx|xxx00000000000000000000xxxxxxx|xxxx0000000000000000000xxxxxxx|', '000000011111111111111100000000|000000011111111111111100000000|000000011111111111111100000000|000000011111111111111100000000|000000011111111111111100000000|000000011111111111111100011110|000000011111111111111100011110|000000011111111111111100011110|000000011111111111111100011110|110000011111111111111100000000|111000011111111111111100000000|111100011111111111111101111111|111100011111111111111101111111|111100011111111111111101111111|111100011111111111111101111111|111100011111111111111100000000|111110011111111111111100000000|111111000000000000000000000000|011111111111111111111110000000|001111111111111111111110000000|000111111111111111111110000000|000011111111111111111110000000|');

CREATE TABLE `games_player_spawns` (
  `type` enum('battleball','snowstorm') CHARACTER SET utf8mb4 NOT NULL DEFAULT 'battleball',
  `map_id` enum('6','5','4','3','2','1') CHARACTER SET utf8mb4 NOT NULL,
  `team_id` enum('3','2','1','0') CHARACTER SET utf8mb4 NOT NULL,
  `x` int(11) NOT NULL,
  `y` int(11) NOT NULL,
  `z` enum('9','8','7','6','5','4','3','2','1','0') CHARACTER SET utf8mb4 NOT NULL DEFAULT '0'
) ENGINE=InnoDB DEFAULT CHARSET=utf8mb4 COLLATE=utf8mb4_unicode_ci;

INSERT INTO `games_player_spawns` (`type`, `map_id`, `team_id`, `x`, `y`, `z`) VALUES
('battleball', '5', '0', 22, 11, '6'),
('battleball', '5', '1', 0, 11, '2'),
('battleball', '5', '2', 11, 22, '0'),
('battleball', '5', '3', 11, 0, '4'),
('battleball', '1', '0', 0, 15, '2'),
('battleball', '1', '1', 27, 12, '6'),
('battleball', '1', '2', 12, 27, '0'),
('battleball', '1', '3', 15, 0, '4'),
('battleball', '2', '0', 0, 9, '2'),
('battleball', '2', '1', 32, 10, '6'),
('battleball', '2', '2', 14, 9, '6'),
('battleball', '2', '3', 18, 9, '2'),
('battleball', '4', '3', 21, 8, '6'),
('battleball', '4', '2', 7, 8, '2'),
('battleball', '4', '1', 14, 0, '4'),
('battleball', '4', '0', 14, 16, '0'),
('battleball', '3', '0', 21, 14, '6'),
('battleball', '3', '1', 7, 14, '2'),
('battleball', '3', '2', 14, 21, '0'),
('battleball', '3', '3', 14, 7, '4');

CREATE TABLE `games_ranks` (
  `id` int(5) NOT NULL,
  `type` enum('battleball','snowstorm') CHARACTER SET utf8mb4 NOT NULL DEFAULT 'battleball',
  `title` varchar(50) CHARACTER SET utf8mb4 NOT NULL,
  `min_points` int(10) NOT NULL,
  `max_points` int(10) NOT NULL
) ENGINE=MyISAM DEFAULT CHARSET=utf8mb4 COLLATE=utf8mb4_unicode_ci;

INSERT INTO `games_ranks` (`id`, `type`, `title`, `min_points`, `max_points`) VALUES
(1, 'battleball', 'Beginner', 0, 10000),
(2, 'battleball', 'Amateur', 10001, 100000),
(3, 'battleball', 'Intermediate', 100001, 500000),
(4, 'battleball', 'Expert', 500001, 0),
(5, 'snowstorm', 'Beginner', 0, 10000),
(6, 'snowstorm', 'Amateur', 10001, 100000),
(7, 'snowstorm', 'Intermediate', 100001, 500000),
(8, 'snowstorm', 'Expert', 500001, 0);

ALTER TABLE `games_ranks`
  ADD PRIMARY KEY (`id`);

ALTER TABLE `games_ranks`
  MODIFY `id` int(5) NOT NULL AUTO_INCREMENT, AUTO_INCREMENT=9;

ALTER TABLE `users` 
  ADD `battleball_points` INT(11) NOT NULL DEFAULT '0' AFTER `tutorial_finished`, 
  ADD `snowstorm_points` INT(11) NOT NULL DEFAULT '0' AFTER `battleball_points`;

-- migrate:down

